,zero_vector,modal,average,random
50,0.0024831667433569894,0.4711850242428811,0.026051392266693434,0.09035705206719591
60,0.002089601570678435,0.47405300704643444,0.02193957160292302,0.06808066770186742
70,0.0018261660108571023,0.5085414081074952,0.018720035290280664,0.052085906290970596
80,0.001559204591779433,0.5370275844876287,0.016208053228165136,0.04068708856476619
90,0.0013838914220617754,0.49184815893916795,0.014443159045459257,0.03247974062058612
100,0.0012487750134169136,0.45259808597874734,0.01298561627050617,0.02680124229526372
