,zero_vector,modal,average,random
50,0.003085596887332884,0.35104252522082946,0.024982670236354032,0.01275445691461359
60,0.0025839885228290003,0.4004265658097331,0.02068872049672876,0.010573535880081683
70,0.002221740102049466,0.39062123263009774,0.01771157399844304,0.009054728416268398
80,0.0019557729421415737,0.34763110741485975,0.015370293423899256,0.007959975104611616
90,0.0017400998880982193,0.34082636965608776,0.013811688846788498,0.007021427441721384
100,0.0015274938659487138,0.3422373100470939,0.01246695405616118,0.0063633791190652045
